id,system,body,siteID,latitude,longitude,type,frontierID,verified,visible,discoveredBy,created_at,updated_at,activeGroups,activeObelisks
1,[object Object],[object Object],1,52.6791,115.2503,[object Object],1,true,true,[object Object],2019-08-17T13:27:44.000Z,2020-06-20T02:43:41.000Z,"[object Object],[object Object]","[object Object],[object Object]"
2,[object Object],[object Object],2,-31.1571,99.4384,[object Object],1,true,true,[object Object],2019-08-17T13:27:44.000Z,2020-06-20T02:48:59.000Z,"[object Object],[object Object],[object Object],[object Object]","[object Object],[object Object],[object Object],[object Object],[object Object],[object Object]"
3,[object Object],[object Object],3,43.1349,104.3013,[object Object],1,true,true,[object Object],2019-08-17T13:27:44.000Z,2020-06-20T02:54:32.000Z,"[object Object],[object Object],[object Object]","[object Object],[object Object],[object Object]"
4,[object Object],[object Object],4,28.0021,-15.4242,[object Object],1,true,true,[object Object],2019-08-17T13:27:44.000Z,2020-06-20T02:55:47.000Z,"[object Object],[object Object],[object Object]","[object Object],[object Object],[object Object],[object Object],[object Object],[object Object],[object Object],[object Object]"
5,[object Object],[object Object],5,-32.0927,16.5575,[object Object],1,true,true,[object Object],2019-08-17T13:27:44.000Z,2020-06-20T02:44:00.000Z,"[object Object],[object Object],[object Object]","[object Object],[object Object],[object Object]"
6,[object Object],[object Object],6,10.6348,-12.5755,[object Object],1,false,true,[object Object],2019-08-17T13:27:44.000Z,2020-06-20T03:05:59.000Z,"[object Object],[object Object],[object Object]","[object Object],[object Object],[object Object],[object Object],[object Object]"
7,[object Object],[object Object],7,-44.476,-95.0524,[object Object],1,true,true,[object Object],2019-08-17T13:27:44.000Z,2020-06-20T03:16:01.000Z,"[object Object],[object Object],[object Object]","[object Object],[object Object],[object Object]"
8,[object Object],[object Object],8,33.5862,-54.0217,[object Object],1,true,true,[object Object],2019-08-17T13:27:44.000Z,2020-06-20T02:44:09.000Z,"[object Object],[object Object],[object Object]","[object Object],[object Object],[object Object]"
9,[object Object],[object Object],9,-23.2718,126.3758,[object Object],1,true,true,[object Object],2019-08-17T13:27:44.000Z,2020-06-20T02:43:07.000Z,"[object Object],[object Object],[object Object],[object Object]","[object Object],[object Object],[object Object],[object Object]"
10,[object Object],[object Object],10,-77.9657,-170.4414,[object Object],1,true,true,[object Object],2019-08-17T13:27:44.000Z,2020-07-05T00:46:24.000Z,"[object Object],[object Object],[object Object]","[object Object],[object Object],[object Object],[object Object],[object Object]"
11,[object Object],[object Object],11,-50.1193,-69.9793,[object Object],1,true,true,[object Object],2019-08-17T13:27:44.000Z,2020-07-05T00:46:26.000Z,"[object Object],[object Object]","[object Object],[object Object]"
12,[object Object],[object Object],12,31.46,-154.25,[object Object],1,true,true,[object Object],2019-08-17T13:27:44.000Z,2020-07-07T08:45:22.000Z,"[object Object],[object Object],[object Object]","[object Object],[object Object],[object Object],[object Object],[object Object],[object Object],[object Object],[object Object]"
13,[object Object],[object Object],13,40.7966,-106.5073,[object Object],1,true,true,[object Object],2019-08-17T13:27:44.000Z,2020-06-20T02:43:55.000Z,"[object Object],[object Object],[object Object],[object Object]","[object Object],[object Object],[object Object],[object Object],[object Object]"
14,[object Object],[object Object],14,-56.6923,91.5176,[object Object],1,true,true,[object Object],2019-08-17T13:27:44.000Z,2020-06-20T02:44:30.000Z,"[object Object],[object Object],[object Object]","[object Object],[object Object],[object Object],[object Object],[object Object]"
15,[object Object],[object Object],15,-11.4828,107.1574,[object Object],1,true,true,[object Object],2019-08-17T13:27:44.000Z,2020-07-07T08:45:17.000Z,"[object Object],[object Object],[object Object]","[object Object],[object Object],[object Object],[object Object]"
16,[object Object],[object Object],16,37.2591,19.255,[object Object],1,true,true,[object Object],2019-08-17T13:27:44.000Z,2020-07-04T20:45:05.000Z,"[object Object],[object Object],[object Object]","[object Object],[object Object],[object Object],[object Object],[object Object]"
17,[object Object],[object Object],17,-57.4285,155.0567,[object Object],1,true,true,[object Object],2019-08-17T13:27:44.000Z,2020-07-04T20:45:07.000Z,"[object Object],[object Object],[object Object]","[object Object],[object Object],[object Object],[object Object]"
18,[object Object],[object Object],18,-21.8939,-18.9468,[object Object],1,true,true,[object Object],2019-08-17T13:27:44.000Z,2020-07-04T20:45:11.000Z,"[object Object],[object Object],[object Object]","[object Object],[object Object],[object Object],[object Object],[object Object]"
19,[object Object],[object Object],19,42.1745,72.6098,[object Object],1,true,true,[object Object],2019-08-17T13:27:44.000Z,2020-06-20T02:53:25.000Z,"[object Object],[object Object],[object Object]","[object Object],[object Object],[object Object]"
20,[object Object],[object Object],20,18.7047,106.9514,[object Object],1,true,true,[object Object],2019-08-17T13:27:44.000Z,2020-06-20T03:18:13.000Z,"[object Object],[object Object],[object Object]","[object Object],[object Object],[object Object],[object Object],[object Object],[object Object],[object Object],[object Object]"
21,[object Object],[object Object],21,-4.9932,-37.9452,[object Object],1,true,true,[object Object],2019-08-17T13:27:44.000Z,2020-07-04T20:45:14.000Z,"[object Object],[object Object],[object Object]","[object Object],[object Object],[object Object]"
22,[object Object],[object Object],22,31.068,130.9747,[object Object],1,true,true,[object Object],2019-08-17T13:27:44.000Z,2020-07-05T04:45:02.000Z,"[object Object],[object Object]","[object Object],[object Object]"
23,[object Object],[object Object],23,-24.6821,-21.6226,[object Object],1,true,true,[object Object],2019-08-17T13:27:44.000Z,2020-06-20T02:55:31.000Z,"[object Object],[object Object],[object Object],[object Object]","[object Object],[object Object],[object Object],[object Object],[object Object]"
24,[object Object],[object Object],24,-6.5804,-39.8589,[object Object],1,true,true,[object Object],2019-08-17T13:27:44.000Z,2020-07-05T04:45:05.000Z,"[object Object],[object Object]","[object Object],[object Object]"
25,[object Object],[object Object],25,22.4474,-58.5793,[object Object],1,true,true,[object Object],2019-08-17T13:27:44.000Z,2020-07-05T04:45:10.000Z,"[object Object],[object Object],[object Object]","[object Object],[object Object],[object Object],[object Object],[object Object]"
26,[object Object],[object Object],26,-31.6828,-141.3324,[object Object],1,true,true,[object Object],2019-08-17T13:27:44.000Z,2020-06-20T02:48:38.000Z,"[object Object],[object Object],[object Object],[object Object]","[object Object],[object Object],[object Object],[object Object],[object Object]"
27,[object Object],[object Object],27,-27.3238,-17.1637,[object Object],1,true,true,[object Object],2019-08-17T13:27:44.000Z,2020-06-20T02:43:58.000Z,"[object Object],[object Object],[object Object]","[object Object],[object Object],[object Object],[object Object],[object Object]"
28,[object Object],[object Object],28,-41.6365,126.0865,[object Object],1,true,true,[object Object],2019-08-17T13:27:44.000Z,2020-07-05T04:45:16.000Z,"[object Object],[object Object],[object Object]","[object Object],[object Object],[object Object]"
29,[object Object],[object Object],29,32.8026,139.444,[object Object],1,true,true,[object Object],2019-08-17T13:27:44.000Z,2020-07-05T08:45:02.000Z,"[object Object],[object Object],[object Object]","[object Object],[object Object],[object Object],[object Object],[object Object]"
30,[object Object],[object Object],30,18.3677,-69.1438,[object Object],1,true,true,[object Object],2019-08-17T13:27:44.000Z,2020-06-20T03:04:48.000Z,"[object Object],[object Object],[object Object]","[object Object],[object Object],[object Object]"
31,[object Object],[object Object],31,-38.1717,-157.2472,[object Object],1,true,true,[object Object],2019-08-17T13:27:44.000Z,2020-06-20T02:46:29.000Z,"[object Object],[object Object],[object Object],[object Object]","[object Object],[object Object],[object Object],[object Object],[object Object]"
32,[object Object],[object Object],32,-26.0524,32.0035,[object Object],1,true,true,[object Object],2019-08-17T13:27:44.000Z,2020-06-20T02:43:16.000Z,"[object Object],[object Object],[object Object],[object Object]","[object Object],[object Object],[object Object],[object Object],[object Object],[object Object],[object Object],[object Object],[object Object],[object Object]"
33,[object Object],[object Object],33,25.3814,145.5499,[object Object],1,true,true,[object Object],2019-08-17T13:27:44.000Z,2020-06-20T02:53:44.000Z,"[object Object],[object Object],[object Object],[object Object]","[object Object],[object Object],[object Object],[object Object]"
34,[object Object],[object Object],34,-68.9706,-37.988,[object Object],1,true,true,[object Object],2019-08-17T13:27:44.000Z,2020-07-05T08:45:05.000Z,"[object Object],[object Object],[object Object],[object Object]","[object Object],[object Object],[object Object],[object Object]"
35,[object Object],[object Object],35,-39.3809,-0.3041,[object Object],1,true,true,[object Object],2019-08-17T13:27:44.000Z,2020-06-20T02:59:55.000Z,"[object Object],[object Object],[object Object],[object Object]","[object Object],[object Object],[object Object],[object Object],[object Object]"
36,[object Object],[object Object],36,-20.9783,-19.0668,[object Object],1,true,true,[object Object],2019-08-17T13:27:44.000Z,2020-07-05T00:46:02.000Z,"[object Object],[object Object],[object Object]","[object Object],[object Object],[object Object]"
37,[object Object],[object Object],37,77.4091,62.0971,[object Object],1,true,true,[object Object],2019-08-17T13:27:44.000Z,2020-07-05T08:45:09.000Z,"[object Object],[object Object],[object Object]","[object Object],[object Object],[object Object]"
38,[object Object],[object Object],38,-17.5551,68.0306,[object Object],1,true,true,[object Object],2019-08-17T13:27:44.000Z,2020-06-20T03:07:00.000Z,"[object Object],[object Object],[object Object]","[object Object],[object Object],[object Object],[object Object]"
39,[object Object],[object Object],39,5.1764,-54.8679,[object Object],1,true,true,[object Object],2019-08-17T13:27:44.000Z,2020-07-05T08:45:12.000Z,"[object Object],[object Object]","[object Object],[object Object]"
40,[object Object],[object Object],40,50.0511,-103.6453,[object Object],1,true,true,[object Object],2019-08-17T13:27:44.000Z,2020-06-20T03:07:11.000Z,"[object Object],[object Object],[object Object]","[object Object],[object Object],[object Object],[object Object],[object Object]"
41,[object Object],[object Object],41,23.1817,51.5521,[object Object],1,true,true,[object Object],2019-08-17T13:27:44.000Z,2020-07-05T08:45:17.000Z,"[object Object],[object Object]","[object Object],[object Object]"
42,[object Object],[object Object],42,-14.6799,51.6902,[object Object],1,true,true,[object Object],2019-08-17T13:27:44.000Z,2020-06-20T03:07:21.000Z,"[object Object],[object Object],[object Object],[object Object]","[object Object],[object Object],[object Object],[object Object],[object Object]"
43,[object Object],[object Object],43,-23.8931,-58.4678,[object Object],1,true,true,[object Object],2019-08-17T13:27:44.000Z,2020-06-20T03:07:28.000Z,"[object Object],[object Object],[object Object]","[object Object],[object Object],[object Object]"
44,[object Object],[object Object],44,5.5275,144.351,[object Object],1,true,true,[object Object],2019-08-17T13:27:44.000Z,2020-06-20T02:47:17.000Z,"[object Object],[object Object],[object Object],[object Object]","[object Object],[object Object],[object Object],[object Object],[object Object]"
45,[object Object],[object Object],45,61.2262,53.4023,[object Object],1,true,true,[object Object],2019-08-17T13:27:44.000Z,2020-06-20T02:54:37.000Z,"[object Object],[object Object],[object Object],[object Object]","[object Object],[object Object],[object Object],[object Object],[object Object]"
46,[object Object],[object Object],46,15.887,-18.7158,[object Object],1,true,true,[object Object],2019-08-17T13:27:44.000Z,2020-07-05T08:45:21.000Z,"[object Object],[object Object],[object Object]","[object Object],[object Object],[object Object]"
47,[object Object],[object Object],47,46.7568,131.9607,[object Object],1,true,true,[object Object],2019-08-17T13:27:44.000Z,2020-07-05T08:45:26.000Z,"[object Object],[object Object],[object Object]","[object Object],[object Object],[object Object],[object Object]"
48,[object Object],[object Object],48,-35.5002,-126.2597,[object Object],1,true,true,[object Object],2019-08-17T13:27:44.000Z,2020-06-20T02:54:28.000Z,"[object Object],[object Object],[object Object]","[object Object],[object Object],[object Object],[object Object]"
49,[object Object],[object Object],49,-34.8383,132.8863,[object Object],1,true,true,[object Object],2019-08-17T13:27:44.000Z,2020-06-20T02:43:12.000Z,"[object Object],[object Object],[object Object],[object Object]","[object Object],[object Object],[object Object],[object Object],[object Object]"
50,[object Object],[object Object],50,18.5719,14.3325,[object Object],1,true,true,[object Object],2019-08-17T13:27:44.000Z,2020-07-05T08:45:33.000Z,"[object Object],[object Object],[object Object]","[object Object],[object Object],[object Object],[object Object]"
51,[object Object],[object Object],51,-42.1308,-98.7161,[object Object],1,true,true,[object Object],2019-08-17T13:27:44.000Z,2020-06-20T03:07:09.000Z,"[object Object],[object Object],[object Object]","[object Object],[object Object],[object Object],[object Object]"
52,[object Object],[object Object],52,62.753,43.22,[object Object],1,true,true,[object Object],2019-08-17T13:27:44.000Z,2020-07-05T08:45:38.000Z,"[object Object],[object Object],[object Object]","[object Object],[object Object],[object Object]"
53,[object Object],[object Object],53,-59.3564,14.9096,[object Object],1,true,true,[object Object],2019-08-17T13:27:44.000Z,2020-06-20T03:07:16.000Z,"[object Object],[object Object]","[object Object],[object Object]"
54,[object Object],[object Object],54,-46.7879,-46.1474,[object Object],1,true,true,[object Object],2019-08-17T13:27:44.000Z,2020-07-05T08:45:43.000Z,"[object Object],[object Object],[object Object]","[object Object],[object Object],[object Object],[object Object],[object Object]"
55,[object Object],[object Object],55,48.3529,90.8586,[object Object],1,true,true,[object Object],2019-08-17T13:27:44.000Z,2020-07-05T08:45:45.000Z,"[object Object],[object Object],[object Object]","[object Object],[object Object],[object Object]"
56,[object Object],[object Object],56,-15.3128,53.2152,[object Object],1,true,true,[object Object],2019-08-17T13:27:44.000Z,2020-06-20T02:50:00.000Z,"[object Object],[object Object]","[object Object],[object Object],[object Object],[object Object]"
57,[object Object],[object Object],57,-68.5234,66.2561,[object Object],1,true,true,[object Object],2019-08-17T13:27:44.000Z,2020-07-05T08:45:49.000Z,"[object Object],[object Object],[object Object]","[object Object],[object Object],[object Object]"
58,[object Object],[object Object],58,11.2991,-113.3043,[object Object],1,true,true,[object Object],2019-08-17T13:27:44.000Z,2020-07-05T08:45:52.000Z,"[object Object],[object Object],[object Object]","[object Object],[object Object],[object Object],[object Object],[object Object]"
59,[object Object],[object Object],59,-40.0571,-20.0045,[object Object],,true,true,[object Object],2019-08-17T13:27:44.000Z,2019-08-17T13:27:44.000Z,"[object Object],[object Object],[object Object],[object Object]","[object Object],[object Object],[object Object],[object Object],[object Object],[object Object],[object Object]"
60,[object Object],[object Object],60,70.0007,-38.5384,[object Object],1,true,true,[object Object],2019-08-17T13:27:44.000Z,2020-06-20T02:54:09.000Z,"[object Object],[object Object],[object Object],[object Object]","[object Object],[object Object],[object Object],[object Object],[object Object]"
61,[object Object],[object Object],61,52.0385,110.8552,[object Object],1,true,true,[object Object],2019-08-17T13:27:44.000Z,2020-07-04T20:45:02.000Z,"[object Object],[object Object],[object Object]","[object Object],[object Object],[object Object]"
62,[object Object],[object Object],62,-23.7554,36.7087,[object Object],1,true,true,[object Object],2019-08-17T13:27:44.000Z,2020-07-05T12:45:07.000Z,"[object Object],[object Object],[object Object]","[object Object],[object Object],[object Object]"
63,[object Object],[object Object],63,54.0972,-52.0658,[object Object],1,true,true,[object Object],2019-08-17T13:27:44.000Z,2020-07-05T12:45:11.000Z,"[object Object],[object Object],[object Object]","[object Object],[object Object],[object Object],[object Object],[object Object]"
64,[object Object],[object Object],64,-43.1448,163.005,[object Object],1,true,true,[object Object],2019-08-17T13:27:44.000Z,2020-07-05T12:45:18.000Z,"[object Object],[object Object],[object Object]","[object Object],[object Object],[object Object],[object Object],[object Object],[object Object],[object Object]"
65,[object Object],[object Object],65,-11.389,-149.2682,[object Object],1,true,true,[object Object],2019-08-17T13:27:44.000Z,2020-07-05T12:45:21.000Z,"[object Object],[object Object],[object Object]","[object Object],[object Object],[object Object],[object Object]"
66,[object Object],[object Object],66,-33.9519,-12.5171,[object Object],1,true,true,[object Object],2019-08-17T13:27:44.000Z,2020-07-05T16:45:00.000Z,"[object Object],[object Object],[object Object]","[object Object],[object Object],[object Object]"
67,[object Object],[object Object],67,-59.2133,-132.9053,[object Object],1,true,true,[object Object],2019-08-17T13:27:44.000Z,2020-07-05T16:45:12.000Z,"[object Object],[object Object],[object Object]","[object Object],[object Object],[object Object],[object Object]"
68,[object Object],[object Object],68,-11.5445,63.4959,[object Object],1,true,true,[object Object],2019-08-17T13:27:44.000Z,2020-07-05T16:45:14.000Z,"[object Object],[object Object],[object Object],[object Object]","[object Object],[object Object],[object Object],[object Object],[object Object]"
69,[object Object],[object Object],69,42.1358,177.2873,[object Object],1,true,true,[object Object],2019-08-17T13:27:44.000Z,2020-07-05T16:45:19.000Z,"[object Object],[object Object],[object Object]","[object Object],[object Object],[object Object],[object Object],[object Object]"
70,[object Object],[object Object],70,-20.4225,34.3141,[object Object],1,true,true,[object Object],2019-08-17T13:27:44.000Z,2020-07-05T16:45:24.000Z,"[object Object],[object Object],[object Object],[object Object]","[object Object],[object Object],[object Object],[object Object],[object Object],[object Object]"
71,[object Object],[object Object],71,-39.0538,-65.4311,[object Object],1,true,true,[object Object],2019-08-17T13:27:44.000Z,2020-07-05T16:45:28.000Z,"[object Object],[object Object],[object Object]","[object Object],[object Object],[object Object]"
72,[object Object],[object Object],72,30.3997,-127.24,[object Object],1,true,true,[object Object],2019-08-17T13:27:44.000Z,2020-07-05T16:45:34.000Z,"[object Object],[object Object],[object Object]","[object Object],[object Object],[object Object],[object Object]"
73,[object Object],[object Object],73,58.9512,88.5083,[object Object],1,true,true,[object Object],2019-08-17T13:27:44.000Z,2020-07-05T16:45:38.000Z,"[object Object],[object Object],[object Object]","[object Object],[object Object],[object Object],[object Object],[object Object]"
74,[object Object],[object Object],74,-57.9996,-7.8974,[object Object],1,false,true,[object Object],2019-08-17T13:27:44.000Z,2020-07-05T16:45:41.000Z,"[object Object],[object Object],[object Object]","[object Object],[object Object],[object Object]"
75,[object Object],[object Object],75,3.348,9.5881,[object Object],1,true,true,[object Object],2019-08-17T13:27:44.000Z,2020-06-20T02:44:43.000Z,"[object Object],[object Object],[object Object],[object Object]","[object Object],[object Object],[object Object],[object Object]"
76,[object Object],[object Object],76,-52.2766,98.4334,[object Object],1,true,true,[object Object],2019-08-17T13:27:44.000Z,2020-06-20T02:44:18.000Z,"[object Object],[object Object],[object Object],[object Object]","[object Object],[object Object],[object Object],[object Object]"
77,[object Object],[object Object],77,-3.4755,-115.258,[object Object],1,true,true,[object Object],2019-08-17T13:27:44.000Z,2020-06-20T02:45:23.000Z,"[object Object],[object Object],[object Object],[object Object]","[object Object],[object Object],[object Object],[object Object]"
78,[object Object],[object Object],78,-46.7966,-132.27,[object Object],1,false,true,[object Object],2019-08-17T13:27:44.000Z,2020-07-05T16:45:45.000Z,"[object Object],[object Object],[object Object],[object Object]","[object Object],[object Object],[object Object],[object Object]"
79,[object Object],[object Object],79,-4.8314,-65.7558,[object Object],1,true,true,[object Object],2019-08-17T13:27:44.000Z,2020-07-05T16:45:50.000Z,"[object Object],[object Object],[object Object],[object Object]","[object Object],[object Object],[object Object],[object Object]"
80,[object Object],[object Object],80,-37.5625,-125.6039,[object Object],1,true,true,[object Object],2019-08-17T13:27:44.000Z,2020-06-20T02:43:11.000Z,"[object Object],[object Object],[object Object]","[object Object],[object Object],[object Object],[object Object],[object Object]"
81,[object Object],[object Object],81,2.5833,126.6176,[object Object],1,false,true,[object Object],2019-08-17T13:27:44.000Z,2020-07-06T04:45:02.000Z,"[object Object],[object Object],[object Object],[object Object]","[object Object],[object Object],[object Object],[object Object]"
82,[object Object],[object Object],82,-2.0147,54.393,[object Object],1,false,true,[object Object],2019-08-17T13:27:44.000Z,2020-07-06T04:45:09.000Z,"[object Object],[object Object],[object Object]","[object Object],[object Object],[object Object]"
83,[object Object],[object Object],83,56.7166,121.6597,[object Object],1,false,true,[object Object],2019-08-17T13:27:44.000Z,2020-06-20T02:52:54.000Z,"[object Object],[object Object],[object Object]","[object Object],[object Object],[object Object]"
84,[object Object],[object Object],84,50.6153,-35.0532,[object Object],1,false,true,[object Object],2019-08-17T13:27:44.000Z,2020-07-06T04:45:11.000Z,"[object Object],[object Object],[object Object],[object Object]","[object Object],[object Object],[object Object],[object Object]"
85,[object Object],[object Object],85,-23.99,174.22,[object Object],1,false,true,[object Object],2019-08-17T13:27:44.000Z,2020-07-06T04:45:14.000Z,"[object Object],[object Object],[object Object],[object Object]","[object Object],[object Object],[object Object],[object Object]"
86,[object Object],[object Object],86,59.518,-23.376,[object Object],1,true,true,[object Object],2019-08-17T13:27:44.000Z,2020-07-06T04:45:18.000Z,"[object Object],[object Object],[object Object],[object Object]","[object Object],[object Object],[object Object],[object Object]"
87,[object Object],[object Object],87,64.2973,163.6847,[object Object],1,true,true,[object Object],2019-08-17T13:27:44.000Z,2020-06-20T02:44:52.000Z,"[object Object],[object Object],[object Object]","[object Object],[object Object],[object Object]"
88,[object Object],[object Object],88,-45.4807,152.4102,[object Object],1,false,true,[object Object],2019-08-17T13:27:44.000Z,2020-07-06T04:45:23.000Z,"[object Object],[object Object],[object Object],[object Object]","[object Object],[object Object],[object Object],[object Object]"
89,[object Object],[object Object],89,38.2725,-48.5607,[object Object],1,true,true,[object Object],2019-08-17T13:27:44.000Z,2020-06-20T02:45:02.000Z,"[object Object],[object Object],[object Object],[object Object]","[object Object],[object Object],[object Object],[object Object]"
90,[object Object],[object Object],90,-49.5373,-81.8963,[object Object],1,false,true,[object Object],2019-08-17T13:27:44.000Z,2020-07-06T04:45:25.000Z,"[object Object],[object Object],[object Object]","[object Object],[object Object],[object Object]"
91,[object Object],[object Object],91,-0.8641,-38.1784,[object Object],1,false,true,[object Object],2019-08-17T13:27:44.000Z,2020-06-20T03:14:39.000Z,"[object Object],[object Object],[object Object],[object Object]","[object Object],[object Object],[object Object],[object Object]"
92,[object Object],[object Object],92,-16.1024,-5.7274,[object Object],1,false,true,[object Object],2019-08-17T13:27:44.000Z,2020-07-06T08:45:00.000Z,"[object Object],[object Object],[object Object]","[object Object],[object Object],[object Object]"
93,[object Object],[object Object],93,-42.5076,-155.6324,[object Object],1,true,true,[object Object],2019-08-17T13:27:44.000Z,2020-07-06T08:45:08.000Z,"[object Object],[object Object],[object Object],[object Object]","[object Object],[object Object],[object Object],[object Object],[object Object],[object Object],[object Object]"
94,[object Object],[object Object],94,43.6624,174.2231,[object Object],1,true,true,[object Object],2019-08-17T13:27:44.000Z,2020-06-20T02:44:57.000Z,"[object Object],[object Object],[object Object]","[object Object],[object Object],[object Object]"
95,[object Object],[object Object],95,-44.9067,89.4301,[object Object],1,false,true,[object Object],2019-08-17T13:27:44.000Z,2020-07-06T08:45:11.000Z,"[object Object],[object Object]","[object Object],[object Object]"
96,[object Object],[object Object],96,-44.5212,34.3159,[object Object],1,true,true,[object Object],2019-08-17T13:27:44.000Z,2020-06-20T02:58:09.000Z,"[object Object],[object Object],[object Object]","[object Object],[object Object],[object Object]"
97,[object Object],[object Object],97,25.4582,-132.8993,[object Object],1,true,true,[object Object],2019-08-17T13:27:44.000Z,2020-06-20T02:46:51.000Z,"[object Object],[object Object],[object Object],[object Object]","[object Object],[object Object],[object Object],[object Object],[object Object],[object Object],[object Object],[object Object]"
98,[object Object],[object Object],98,-14.0603,-31.1756,[object Object],1,false,true,[object Object],2019-08-17T13:27:44.000Z,2020-07-06T08:45:16.000Z,"[object Object],[object Object],[object Object]","[object Object],[object Object],[object Object]"
99,[object Object],[object Object],99,47.409,80.6103,[object Object],1,false,true,[object Object],2019-08-17T13:27:44.000Z,2020-06-20T02:46:58.000Z,"[object Object],[object Object],[object Object]","[object Object],[object Object],[object Object],[object Object],[object Object],[object Object]"
100,[object Object],[object Object],100,-1.1806,25.3779,[object Object],1,true,true,[object Object],2019-08-17T13:27:44.000Z,2020-06-20T02:50:49.000Z,"[object Object],[object Object],[object Object],[object Object]","[object Object],[object Object],[object Object],[object Object]"
101,[object Object],[object Object],101,37.809,-111.6051,[object Object],1,true,true,[object Object],2019-08-17T13:27:44.000Z,2020-06-20T02:44:12.000Z,"[object Object],[object Object],[object Object]","[object Object],[object Object],[object Object]"
102,[object Object],[object Object],102,12.1763,44.3155,[object Object],1,true,true,[object Object],2019-08-17T13:27:44.000Z,2020-06-20T02:48:11.000Z,"[object Object],[object Object],[object Object],[object Object]","[object Object],[object Object],[object Object],[object Object]"
103,[object Object],[object Object],103,-40.9175,-156.144,[object Object],1,true,true,[object Object],2019-08-17T13:27:44.000Z,2020-07-06T08:45:20.000Z,"[object Object],[object Object],[object Object],[object Object]","[object Object],[object Object],[object Object],[object Object]"
104,[object Object],[object Object],104,-25.6606,169.9389,[object Object],1,true,true,[object Object],2019-08-17T13:27:44.000Z,2020-06-20T03:15:55.000Z,"[object Object],[object Object],[object Object],[object Object]","[object Object],[object Object],[object Object],[object Object],[object Object],[object Object],[object Object],[object Object],[object Object]"
105,[object Object],[object Object],105,80.2978,113.4324,[object Object],1,true,true,[object Object],2019-08-17T13:27:44.000Z,2020-07-06T08:45:25.000Z,"[object Object],[object Object]","[object Object],[object Object]"
106,[object Object],[object Object],106,-49.1889,-23.327,[object Object],1,true,true,[object Object],2019-08-17T13:27:44.000Z,2020-06-20T03:13:14.000Z,"[object Object],[object Object],[object Object]","[object Object],[object Object],[object Object]"
107,[object Object],[object Object],107,-7.4777,-28.521,[object Object],1,true,true,[object Object],2019-08-17T13:27:44.000Z,2020-07-06T12:45:05.000Z,"[object Object],[object Object]","[object Object],[object Object]"
108,[object Object],[object Object],108,57.5534,41.955,[object Object],,true,true,[object Object],2019-08-17T13:27:44.000Z,2019-08-17T13:27:44.000Z,"[object Object],[object Object],[object Object]","[object Object],[object Object],[object Object]"
109,[object Object],[object Object],109,-30.6587,-66.4213,[object Object],1,true,true,[object Object],2019-08-17T13:27:44.000Z,2020-07-06T12:45:12.000Z,"[object Object],[object Object],[object Object]","[object Object],[object Object],[object Object],[object Object]"
110,[object Object],[object Object],110,43.3372,-18.6274,[object Object],1,true,true,[object Object],2019-08-17T13:27:44.000Z,2020-07-06T12:45:16.000Z,"[object Object],[object Object],[object Object]","[object Object],[object Object],[object Object]"
111,[object Object],[object Object],111,25.3202,-59.4835,[object Object],1,false,true,[object Object],2019-08-17T13:27:44.000Z,2020-07-06T12:45:21.000Z,"[object Object],[object Object],[object Object]","[object Object],[object Object],[object Object]"
112,[object Object],[object Object],112,33.2173,-53.9565,[object Object],1,true,true,[object Object],2019-08-17T13:27:44.000Z,2020-07-06T12:45:23.000Z,"[object Object],[object Object],[object Object]","[object Object],[object Object],[object Object]"
113,[object Object],[object Object],113,-3.0135,-37.8314,[object Object],1,true,true,[object Object],2019-08-17T13:27:44.000Z,2020-06-20T02:47:32.000Z,"[object Object],[object Object],[object Object],[object Object]","[object Object],[object Object],[object Object],[object Object],[object Object]"
114,[object Object],[object Object],114,-18.3636,56.0348,[object Object],1,true,true,[object Object],2019-08-17T13:27:44.000Z,2020-07-07T04:54:30.000Z,"[object Object],[object Object],[object Object],[object Object]","[object Object],[object Object],[object Object],[object Object],[object Object]"
115,[object Object],[object Object],115,-43.3221,163.7282,[object Object],1,true,true,[object Object],2019-08-17T13:27:44.000Z,2020-07-07T04:54:35.000Z,"[object Object],[object Object],[object Object]","[object Object],[object Object],[object Object],[object Object],[object Object]"
116,[object Object],[object Object],116,-47.7719,-54.599,[object Object],1,true,true,[object Object],2019-08-17T13:27:44.000Z,2020-06-20T02:45:16.000Z,"[object Object],[object Object],[object Object],[object Object]","[object Object],[object Object],[object Object],[object Object],[object Object],[object Object]"
117,[object Object],[object Object],117,-17.459,-102.9318,[object Object],1,true,true,[object Object],2019-08-17T13:27:44.000Z,2020-07-07T04:54:39.000Z,"[object Object],[object Object]","[object Object],[object Object]"
118,[object Object],[object Object],118,6.2901,11.8959,[object Object],1,true,true,[object Object],2019-08-17T13:27:44.000Z,2020-07-07T04:54:44.000Z,"[object Object],[object Object],[object Object]","[object Object],[object Object],[object Object],[object Object]"
119,[object Object],[object Object],119,45.6477,102.8309,[object Object],1,true,true,[object Object],2019-08-17T13:27:44.000Z,2020-06-20T02:45:06.000Z,"[object Object],[object Object],[object Object],[object Object]","[object Object],[object Object],[object Object],[object Object],[object Object]"
120,[object Object],[object Object],120,-50.8065,54.6819,[object Object],1,true,true,[object Object],2019-08-17T13:27:44.000Z,2020-07-07T04:54:54.000Z,"[object Object],[object Object],[object Object]","[object Object],[object Object],[object Object],[object Object]"
121,[object Object],[object Object],121,19.5553,-132.6691,[object Object],1,true,true,[object Object],2019-08-17T13:27:44.000Z,2020-06-20T02:51:53.000Z,,
122,[object Object],[object Object],122,-74.6051,-117.9979,[object Object],1,true,true,[object Object],2019-08-17T13:27:44.000Z,2020-07-07T04:55:01.000Z,,
123,[object Object],[object Object],123,65.7455,129.0776,[object Object],,true,true,[object Object],2019-08-17T13:27:44.000Z,2019-08-17T13:27:44.000Z,,
124,[object Object],[object Object],124,-21.7862,-136.3477,[object Object],1,true,true,[object Object],2019-08-17T13:27:44.000Z,2020-06-20T03:01:21.000Z,,
125,[object Object],[object Object],125,18.7425,-139.9914,[object Object],1,true,true,[object Object],2019-08-17T13:27:44.000Z,2020-07-07T04:55:08.000Z,,
126,[object Object],[object Object],126,-1.4987,136.6075,[object Object],1,true,true,[object Object],2019-08-17T13:27:44.000Z,2020-06-20T03:08:09.000Z,,
127,[object Object],[object Object],127,-50.2851,77.5752,[object Object],1,true,true,[object Object],2019-08-17T13:27:44.000Z,2020-07-07T04:55:13.000Z,,
128,[object Object],[object Object],128,-1.8164,96.5731,[object Object],1,true,true,[object Object],2019-08-17T13:27:44.000Z,2020-07-07T04:55:15.000Z,,
129,[object Object],[object Object],129,-22.3349,6.0006,[object Object],1,true,true,[object Object],2019-08-17T13:27:44.000Z,2020-07-07T04:55:22.000Z,,
130,[object Object],[object Object],130,51.3443,113.7863,[object Object],1,true,true,[object Object],2019-08-17T13:27:44.000Z,2020-07-07T04:55:24.000Z,,
131,[object Object],[object Object],131,-56.1304,68.3179,[object Object],1,true,true,[object Object],2019-08-17T13:27:44.000Z,2020-06-20T02:44:47.000Z,,
132,[object Object],[object Object],132,-0.020687,124.340317,[object Object],1,false,true,[object Object],2020-06-20T02:43:31.000Z,2020-06-20T02:43:31.000Z,,
133,[object Object],[object Object],133,-23.029165,14.662021,[object Object],1,false,true,[object Object],2020-06-20T02:43:48.000Z,2020-06-20T02:43:48.000Z,,
134,[object Object],[object Object],134,0.96552,130.967194,[object Object],1,false,true,[object Object],2020-06-20T02:43:53.000Z,2020-06-20T02:43:53.000Z,,
135,[object Object],[object Object],135,2.257618,132.941528,[object Object],1,false,true,[object Object],2020-06-20T02:44:40.000Z,2020-06-20T02:44:40.000Z,,
136,[object Object],[object Object],136,-0.119851,94.041908,[object Object],1,false,true,[object Object],2020-06-20T02:46:27.000Z,2020-06-20T02:46:27.000Z,,
137,[object Object],[object Object],137,6.176395,140.704391,[object Object],1,false,true,[object Object],2020-06-20T02:46:48.000Z,2020-06-20T02:46:48.000Z,,
138,[object Object],[object Object],138,14.596707,-22.220217,[object Object],1,false,true,[object Object],2020-06-20T02:46:55.000Z,2020-06-20T02:46:55.000Z,,
139,[object Object],[object Object],139,0.268076,97.719208,[object Object],1,false,true,[object Object],2020-06-20T02:51:52.000Z,2020-06-20T02:51:52.000Z,,
140,[object Object],[object Object],140,0.146097,98.838112,[object Object],1,false,true,[object Object],2020-06-20T02:54:35.000Z,2020-06-20T02:54:35.000Z,,
141,[object Object],[object Object],141,0.15346,57.551311,[object Object],1,false,true,[object Object],2020-06-20T02:55:45.000Z,2020-06-20T02:55:45.000Z,,
142,[object Object],[object Object],142,-23.320719,-1.696395,[object Object],1,false,true,[object Object],2020-06-20T02:58:08.000Z,2020-06-20T02:58:08.000Z,,
143,[object Object],[object Object],143,0.263509,42.367676,[object Object],1,false,true,[object Object],2020-06-20T02:59:53.000Z,2020-06-20T02:59:53.000Z,,
144,[object Object],[object Object],144,0.092091,102.169281,[object Object],1,false,true,[object Object],2020-06-20T03:07:14.000Z,2020-06-20T03:07:14.000Z,,
145,[object Object],[object Object],145,-0.070109,81.974655,[object Object],1,false,true,[object Object],2020-06-20T03:07:26.000Z,2020-06-20T03:07:26.000Z,,
146,[object Object],[object Object],146,0.00353,165.392151,[object Object],1,false,true,[object Object],2020-06-20T03:08:07.000Z,2020-06-20T03:08:07.000Z,,
147,[object Object],[object Object],147,-0.100813,-97.022842,[object Object],1,false,true,[object Object],2020-06-20T03:15:59.000Z,2020-06-20T03:15:59.000Z,,
148,[object Object],[object Object],148,0.02072,154.948013,[object Object],1,false,true,[object Object],2020-06-20T03:18:11.000Z,2020-06-20T03:18:11.000Z,,
149,[object Object],[object Object],149,0.020216,67.335075,[object Object],1,false,true,[object Object],2020-07-04T20:45:00.000Z,2020-07-04T20:45:00.000Z,,
150,[object Object],[object Object],150,-0.088399,-138.187454,[object Object],1,false,true,[object Object],2020-07-04T20:45:04.000Z,2020-07-04T20:45:04.000Z,,
151,[object Object],[object Object],151,-23,-60,[object Object],1,false,true,[object Object],2020-07-05T00:45:10.000Z,2020-07-05T00:45:10.000Z,,
152,[object Object],[object Object],152,-11,107,[object Object],1,false,true,[object Object],2020-07-05T00:45:13.000Z,2020-07-05T00:45:13.000Z,,
153,[object Object],[object Object],153,-41,-156,[object Object],1,false,true,[object Object],2020-07-05T00:45:53.000Z,2020-07-05T00:45:53.000Z,,
154,[object Object],[object Object],154,25,-59,[object Object],1,false,true,[object Object],2020-07-05T00:46:06.000Z,2020-07-05T00:46:06.000Z,,
155,[object Object],[object Object],155,-20,34,[object Object],1,false,true,[object Object],2020-07-05T00:46:11.000Z,2020-07-05T00:46:11.000Z,,
156,[object Object],[object Object],156,77,62,[object Object],1,false,true,[object Object],2020-07-05T00:46:13.000Z,2020-07-05T00:46:13.000Z,,
157,[object Object],[object Object],157,43,-19,[object Object],1,false,true,[object Object],2020-07-05T00:46:15.000Z,2020-07-05T00:46:15.000Z,,
158,[object Object],[object Object],158,19,14,[object Object],1,false,true,[object Object],2020-07-05T00:46:17.000Z,2020-07-05T00:46:17.000Z,,
159,[object Object],[object Object],159,-31,-66,[object Object],1,false,true,[object Object],2020-07-05T00:46:19.000Z,2020-07-05T00:46:19.000Z,,
160,[object Object],[object Object],160,31,-154,[object Object],1,false,true,[object Object],2020-07-05T00:46:20.000Z,2020-07-05T00:46:20.000Z,,
161,[object Object],[object Object],161,38.969959,-22.813772,[object Object],1,false,true,[object Object],2020-07-05T08:45:36.000Z,2020-07-05T08:45:36.000Z,,
162,[object Object],[object Object],162,-0.035573,-123.153397,[object Object],1,false,true,[object Object],2020-07-05T08:45:42.000Z,2020-07-05T08:45:42.000Z,,
163,[object Object],[object Object],163,0.069712,124.065605,[object Object],1,false,true,[object Object],2020-07-05T12:45:00.000Z,2020-07-05T12:45:00.000Z,,
164,[object Object],[object Object],164,-0.073534,-105.134949,[object Object],1,false,true,[object Object],2020-07-05T12:45:06.000Z,2020-07-05T12:45:06.000Z,,
165,[object Object],[object Object],165,-6.260186,14.918633,[object Object],1,false,true,[object Object],2020-07-05T12:45:16.000Z,2020-07-05T12:45:16.000Z,,
166,[object Object],[object Object],166,-7.779702,-105.758232,[object Object],1,false,true,[object Object],2020-07-05T16:45:10.000Z,2020-07-05T16:45:10.000Z,,
167,[object Object],[object Object],167,0.012439,-144.704788,[object Object],1,false,true,[object Object],2020-07-05T16:45:33.000Z,2020-07-05T16:45:33.000Z,,
168,[object Object],[object Object],168,14.584674,135.63237,[object Object],1,false,true,[object Object],2020-07-05T16:45:36.000Z,2020-07-05T16:45:36.000Z,,
169,[object Object],[object Object],169,4.051924,53.770863,[object Object],1,false,true,[object Object],2020-07-05T16:45:48.000Z,2020-07-05T16:45:48.000Z,,
170,[object Object],[object Object],170,-1.430615,-21.288231,[object Object],1,false,true,[object Object],2020-07-06T04:45:07.000Z,2020-07-06T04:45:07.000Z,,
171,[object Object],[object Object],171,0.112045,-79.524872,[object Object],1,false,true,[object Object],2020-07-06T04:45:21.000Z,2020-07-06T04:45:21.000Z,,
172,[object Object],[object Object],172,-17.90913,146.438187,[object Object],1,false,true,[object Object],2020-07-06T08:45:06.000Z,2020-07-06T08:45:06.000Z,,
173,[object Object],[object Object],173,57.549221,-41.950527,[object Object],1,false,true,[object Object],2020-07-06T12:45:09.000Z,2020-07-06T12:45:09.000Z,,
174,[object Object],[object Object],174,0.819523,174.577057,[object Object],1,false,true,[object Object],2020-07-07T04:54:59.000Z,2020-07-07T04:54:59.000Z,,
175,[object Object],[object Object],175,65.747696,129.902283,[object Object],1,false,true,[object Object],2020-07-07T04:55:05.000Z,2020-07-07T04:55:05.000Z,,
176,[object Object],[object Object],176,-13.138493,-97.993561,[object Object],1,false,true,[object Object],2020-07-07T04:55:12.000Z,2020-07-07T04:55:12.000Z,,
177,[object Object],[object Object],177,-0.047987,-171.162521,[object Object],1,false,true,[object Object],2020-07-07T04:55:20.000Z,2020-07-07T04:55:20.000Z,,
178,[object Object],[object Object],178,33.876957,-58.623188,[object Object],1,false,true,[object Object],2020-10-05T16:45:21.000Z,2020-10-05T16:45:21.000Z,,
179,[object Object],[object Object],179,-37.05687,110.474312,[object Object],1,false,true,[object Object],2020-10-05T20:45:10.000Z,2020-10-05T20:45:10.000Z,,
180,[object Object],[object Object],180,-41.497623,-48.841995,[object Object],1,false,true,[object Object],2020-10-05T20:45:18.000Z,2020-10-05T20:45:18.000Z,,
181,[object Object],[object Object],181,-39.062775,-42.180809,[object Object],1,false,true,[object Object],2020-10-05T20:45:28.000Z,2020-10-05T20:45:28.000Z,,
182,[object Object],[object Object],182,44.640247,-37.942707,[object Object],1,false,true,[object Object],2020-10-27T20:45:03.000Z,2020-10-27T20:45:03.000Z,,
183,[object Object],[object Object],183,-36.794952,-85.390953,[object Object],1,false,true,[object Object],2020-11-07T20:45:02.000Z,2020-11-07T20:45:02.000Z,,
184,[object Object],[object Object],184,37.813381,-140.112823,[object Object],1,false,true,[object Object],2020-12-08T20:45:06.000Z,2020-12-08T20:45:06.000Z,,
185,[object Object],[object Object],185,-31.861481,-132.126892,[object Object],1,false,true,[object Object],2021-05-24T16:45:08.000Z,2021-05-24T16:45:08.000Z,,
186,[object Object],[object Object],186,31.618448,119.860672,[object Object],1,false,true,[object Object],2021-06-12T00:45:07.000Z,2021-06-12T00:45:07.000Z,,
187,[object Object],[object Object],187,34.362774,-14.608253,[object Object],1,false,true,[object Object],2021-09-14T12:45:10.000Z,2021-09-14T12:45:10.000Z,,
188,[object Object],[object Object],188,49.715645,77.462921,[object Object],1,false,true,[object Object],2021-09-15T20:45:10.000Z,2021-09-15T20:45:10.000Z,,
189,[object Object],[object Object],189,67.93824,171.216034,[object Object],1,false,true,[object Object],2021-10-03T12:45:15.000Z,2021-10-03T12:45:15.000Z,,
190,[object Object],[object Object],190,-14.838903,67.709763,[object Object],1,false,true,[object Object],2021-11-17T16:45:14.000Z,2021-11-17T16:45:14.000Z,,
191,[object Object],[object Object],191,34.5938,-52.222752,[object Object],1,false,true,[object Object],2021-12-02T00:45:25.000Z,2021-12-02T00:45:25.000Z,,
192,[object Object],[object Object],192,-14.347525,142.573624,[object Object],1,false,true,[object Object],2021-12-02T00:45:38.000Z,2021-12-02T00:45:38.000Z,,
193,[object Object],[object Object],193,-26.228455,-75.500862,[object Object],1,false,true,[object Object],2021-12-10T16:46:36.000Z,2021-12-10T16:46:36.000Z,,
194,[object Object],[object Object],194,44.620876,111.888855,[object Object],1,false,true,[object Object],2021-12-10T16:47:38.000Z,2021-12-10T16:47:38.000Z,,
195,[object Object],[object Object],195,19.981453,-38.105019,[object Object],1,false,true,[object Object],2021-12-11T08:45:22.000Z,2021-12-11T08:45:22.000Z,,
196,[object Object],[object Object],196,59.92569,-43.706295,[object Object],1,false,true,[object Object],2021-12-11T08:46:19.000Z,2021-12-11T08:46:19.000Z,,
197,[object Object],[object Object],197,27.593575,111.994247,[object Object],1,false,true,[object Object],2022-04-03T21:03:07.000Z,2022-04-03T21:03:07.000Z,,
198,[object Object],[object Object],198,3.07507,-68.783615,[object Object],1,false,true,[object Object],2022-04-03T21:07:53.000Z,2022-04-03T21:07:53.000Z,,
199,[object Object],[object Object],199,48.424553,-84.539001,[object Object],1,false,true,[object Object],2023-08-18T08:47:15.000Z,2023-08-18T08:47:15.000Z,,