id,system,body,siteID,gssite,verified,visible,discoveredBy,gbmessage,created_at,updated_at
1,[object Object],[object Object],1,[object Object],true,true,[object Object],[object Object],2019-08-17T13:27:40.000Z,2019-08-17T13:27:40.000Z
2,[object Object],[object Object],2,[object Object],true,true,[object Object],[object Object],2019-08-17T13:27:40.000Z,2019-08-17T13:27:40.000Z
3,[object Object],[object Object],3,[object Object],true,true,[object Object],[object Object],2019-08-17T13:27:40.000Z,2019-08-17T13:27:40.000Z
4,[object Object],[object Object],4,[object Object],true,true,[object Object],[object Object],2019-08-17T13:27:40.000Z,2019-08-17T13:27:40.000Z
5,[object Object],[object Object],5,[object Object],true,true,[object Object],[object Object],2019-08-17T13:27:40.000Z,2019-08-17T13:27:40.000Z
6,[object Object],[object Object],6,[object Object],true,true,[object Object],[object Object],2019-08-17T13:27:40.000Z,2019-08-17T13:27:40.000Z
7,[object Object],[object Object],7,[object Object],true,true,[object Object],[object Object],2019-08-17T13:27:40.000Z,2019-08-17T13:27:40.000Z
8,[object Object],[object Object],8,[object Object],true,true,[object Object],[object Object],2019-08-17T13:27:40.000Z,2019-08-17T13:27:40.000Z
9,[object Object],[object Object],9,[object Object],true,true,[object Object],[object Object],2019-08-17T13:27:40.000Z,2019-08-17T13:27:40.000Z
10,[object Object],[object Object],10,[object Object],true,true,[object Object],[object Object],2019-08-17T13:27:40.000Z,2019-08-17T13:27:40.000Z
11,[object Object],[object Object],11,[object Object],true,true,[object Object],[object Object],2019-08-17T13:27:40.000Z,2019-08-17T13:27:40.000Z
12,[object Object],[object Object],12,[object Object],true,true,[object Object],[object Object],2019-08-17T13:27:40.000Z,2019-08-17T13:27:40.000Z
13,[object Object],[object Object],13,[object Object],true,true,[object Object],[object Object],2019-08-17T13:27:40.000Z,2019-08-17T13:27:40.000Z
14,[object Object],[object Object],14,[object Object],true,true,[object Object],[object Object],2019-08-17T13:27:40.000Z,2019-08-17T13:27:40.000Z
15,[object Object],[object Object],15,[object Object],true,true,[object Object],[object Object],2019-08-17T13:27:40.000Z,2019-08-17T13:27:40.000Z
16,[object Object],[object Object],16,[object Object],true,true,[object Object],[object Object],2019-08-17T13:27:40.000Z,2019-08-17T13:27:40.000Z
17,[object Object],[object Object],17,[object Object],true,true,[object Object],[object Object],2019-08-17T13:27:40.000Z,2019-08-17T13:27:40.000Z
18,[object Object],[object Object],18,[object Object],true,true,[object Object],[object Object],2019-08-17T13:27:40.000Z,2019-08-17T13:27:40.000Z
19,[object Object],[object Object],19,[object Object],true,true,[object Object],[object Object],2019-08-17T13:27:40.000Z,2019-08-17T13:27:40.000Z
20,[object Object],[object Object],20,[object Object],true,true,[object Object],[object Object],2019-08-17T13:27:40.000Z,2019-08-17T13:27:40.000Z
21,[object Object],[object Object],21,[object Object],true,true,[object Object],[object Object],2019-08-17T13:27:40.000Z,2019-08-17T13:27:40.000Z
22,[object Object],[object Object],22,[object Object],true,true,[object Object],[object Object],2019-08-17T13:27:40.000Z,2019-08-17T13:27:40.000Z
23,[object Object],[object Object],23,[object Object],true,true,[object Object],[object Object],2019-08-17T13:27:40.000Z,2019-08-17T13:27:40.000Z
24,[object Object],[object Object],24,[object Object],true,true,[object Object],[object Object],2019-08-17T13:27:40.000Z,2019-08-17T13:27:40.000Z
25,[object Object],[object Object],25,[object Object],true,true,[object Object],[object Object],2019-08-17T13:27:40.000Z,2019-08-17T13:27:40.000Z
26,[object Object],[object Object],26,[object Object],true,true,[object Object],[object Object],2019-08-17T13:27:40.000Z,2019-08-17T13:27:40.000Z
27,[object Object],[object Object],27,[object Object],true,true,[object Object],[object Object],2019-08-17T13:27:40.000Z,2019-08-17T13:27:40.000Z
28,[object Object],[object Object],28,[object Object],true,true,[object Object],[object Object],2019-08-17T13:27:40.000Z,2019-08-17T13:27:40.000Z
33,[object Object],[object Object],29,[object Object],true,true,[object Object],[object Object],2020-04-16T18:49:12.000Z,2020-05-05T02:52:57.000Z
35,[object Object],[object Object],30,[object Object],true,true,[object Object],[object Object],2020-05-07T20:26:29.000Z,2020-05-07T20:32:04.000Z